{
    "82": [
        13,
        62.995544329371576,
        19.004455670628424
    ],
    "75": [
        12,
        55.731110072742766,
        19.268889927257234
    ],
    "62": [
        19,
        42.43196142200965,
        19.56803857799035
    ],
    "51": [
        18,
        32.328910365606305,
        18.671089634393695
    ],
    "41": [
        17,
        23.52013928500263,
        17.47986071499737
    ]
}